id,quote,person,created_at,updated_at
1,Give me six hours to chop down a tree and I will spend the first four sharpening the axe.,Abraham Lincoln,2016-06-29 15:32:27,2017-02-15 12:43:59
2,We have to continually be jumping off cliffs and developing our wings on the way down.,Kurt Vonnegut,2016-06-29 15:32:27,2016-06-29 15:32:27
3,"We are what we repeatedly do. Excellence, then, is not an act, but a habit.",Aristotle,2016-06-29 15:32:27,2016-06-29 15:32:27
4,"Those who don't believe in magic will never find it.",Roald Dahl,2016-06-29 15:32:27,2016-06-29 15:32:27
5,You see things; and you say Why? But I dream things that never were; and I say Why not?,George Bernard Shaw,2016-06-29 15:32:27,2016-06-29 15:32:27
6,Opportunity is missed by most people because it is dressed in overalls and looks like work.,Thomas Edison,2016-06-29 15:32:27,2016-06-29 15:32:27
7,"If you're going through hell, keep going.",Winston Churchill,2016-06-29 15:32:27,2016-06-29 15:32:27
8,"If you don't design your own life plan, chances are you'll fall into someone else's plan. And guess what they have planned for you? Not much.",Jim Rohn,2016-06-29 15:32:27,2016-06-29 15:32:27
9,Our greatest weakness lies in giving up. The most certain way to succeed is always to try just one more time.,Thomas Edison,2016-06-29 15:32:27,2016-06-29 15:32:27
10,"Be miserable. Or motivate yourself. Whatever has to be done, it's always your choice.",Wayne Dyer,2016-06-29 15:32:27,2016-06-29 15:32:27
11,"I don't believe you have to be better than everybody else. I believe you have to be better than you ever thought you could be.",Ken Venturi,2016-06-29 15:32:27,2016-06-29 15:32:27
12,"Learn from the past, set vivid, detailed goals for the future, and live in the only moment of time over which you have any control: now.",Denis Waitley,2016-06-29 15:32:27,2016-06-29 15:32:27
13,"Even if you fall on your face, you're still moving forward.",Victor Kiam,2016-06-29 15:32:27,2016-06-29 15:32:27
14,"We are taught you must blame your father, your sisters, your brothers, the school, the teachers - but never blame yourself. It's never your fault. But it's always your fault, because if you wanted to change you're the one who has got to change.",Katharine Hepburn,2016-06-29 15:32:27,2016-06-29 15:32:27
15,"If you want to succeed you should strike out on new paths, rather than travel the worn paths of accepted success.",John D. Rockefeller,2016-06-29 15:32:27,2016-06-29 15:32:27
16,Things do not happen. Things are made to happen.,John F. Kennedy,2016-06-29 15:32:27,2016-06-29 15:32:27
17,You have to learn the rules of the game. And then you have to play better than anyone else.,Albert Einstein,2016-06-29 15:32:27,2016-06-29 15:32:27
18,"I'd rather attempt to do something great and fail than to attempt to do nothing and succeed.",Robert H. Schuller,2016-06-29 15:32:27,2016-06-29 15:32:27
19,"The harder the conflict, the more glorious the triumph.",Thomas Paine,2016-06-29 15:32:27,2016-06-29 15:32:27
20,"You can't build a reputation on what you are going to do.",Henry Ford,2016-06-29 15:32:27,2016-06-29 15:32:27
21,The secret of getting ahead is getting started.,Mark Twain,2016-06-29 15:32:27,2016-06-29 15:32:27
22,"Do your work with your whole heart, and you will succeed - there's so little competition.",Elbert Hubbard,2016-06-29 15:32:27,2016-06-29 15:32:27
23,Small deeds done are better than great deeds planned.,Peter Marshall,2016-06-29 15:32:27,2016-06-29 15:32:27
24,The wise does at once what the fool does at last.,Baltasar Gracian,2016-06-29 15:32:27,2016-06-29 15:32:27
25,"I've found that luck is quite predictable. If you want more luck, take more chances. Be more active. Show up more often.",Brian Tracy,2016-06-29 15:32:27,2016-06-29 15:32:27
26,"If you do not hope, you will not find what is beyond your hopes.",St. Clement of Alexandra,2016-06-29 15:32:27,2016-06-29 15:32:27
27,Dream big and dare to fail.,Norman Vaughan,2016-06-29 15:32:27,2016-06-29 15:32:27
28,With will one can do anything.,Samuel Smiles,2016-06-29 15:32:27,2016-06-29 15:32:27
29,"We are all inventors, each sailing out on a voyage of discovery, guided each by a private chart, of which there is no duplicate. The world is all gates, all opportunities.",Ralph Waldo Emerson,2016-06-29 15:32:27,2016-06-29 15:32:27
30,"Seek the lofty by reading, hearing and seeing great work at some moment every day.",Thornton Wilder,2016-06-29 15:32:27,2016-06-29 15:32:27
31,The only way of finding the limits of the possible is by going beyond them into the impossible.,Arthur C. Clarke,2016-06-29 15:32:27,2016-06-29 15:32:27
32,Without inspiration the best powers of the mind remain dormant. There is a fuel in us which needs to be ignited with sparks.,Johann Gottfried Von Herder,2016-06-29 15:32:27,2016-06-29 15:32:27
33,"If the wind will not serve, take to the oars.",Latin Proverb,2016-06-29 15:32:27,2016-06-29 15:32:27
34,"Men's best successes come after their disappointments.",Henry Ward Beecher,2016-06-29 15:32:27,2016-06-29 15:32:27
35,You cannot plough a field by turning it over in your mind.,Unknown,2016-06-29 15:32:27,2016-06-29 15:32:27
36,The best way out is always through.,Robert Frost,2016-06-29 15:32:27,2016-06-29 15:32:27
37,Do not wait to strike till the iron is hot; but make it hot by striking.,William B. Sprague,2016-06-29 15:32:27,2016-06-29 15:32:27
38,Nothing will ever be attempted if all possible objections must first be overcome.,Samuel Johnson,2016-06-29 15:32:27,2016-06-29 15:32:27
39,Fortune favors the brave.,Publius Terence,2016-06-29 15:32:27,2016-06-29 15:32:27
40,"When the best things are not possible, the best may be made of those that are.",Richard Hooker,2016-06-29 15:32:27,2016-06-29 15:32:27
41,He who hesitates is lost.,Proverb,2016-06-29 15:32:27,2016-06-29 15:32:27
42,If you want to succeed in the world you must make your own opportunities as you go on. The man who waits for some seventh wave to toss him on dry land will find that the seventh wave is a long time a coming. You can commit no greater folly than to sit by the roadside until someone comes along and invites you to ride with him to wealth or influence.,John B. Gough,2016-06-29 15:32:27,2016-06-29 15:32:27
43,An oak is not felled at one blow.,Spanish Proverb,2016-06-29 15:32:27,2016-06-29 15:32:27
44,In doubtful matters boldness is everything.,Publilius Syrus,2016-06-29 15:32:27,2016-06-29 15:32:27
45,Great spirits have always encountered violent opposition from mediocre minds.,Albert Einstein,2016-06-29 15:32:27,2016-06-29 15:32:27
46,Believe with all of your heart that you will do what you were made to do.,Orison Swett Marden,2016-06-29 15:32:27,2016-06-29 15:32:27
47,Knowing is not enough; we must apply. Willing is not enough; we must do.,Johann Wolfgang von Goethe,2016-06-29 15:32:27,2016-06-29 15:32:27
48,We are still masters of our fate. We are still captains of our souls.,Winston Churchill,2016-06-29 15:32:27,2016-06-29 15:32:27
49,Nothing great was ever achieved without enthusiasm.,Ralph Waldo Emerson,2016-06-29 15:32:27,2016-06-29 15:32:27
50,For hope is but the dream of those that wake.,Matthew Prior,2016-06-29 15:32:27,2016-06-29 15:32:27
51,Constant dripping hollows out a stone.,Lucretius,2016-06-29 15:32:27,2016-06-29 15:32:27
52,Nothing contributes so much to tranquilise the mind as a steady purpose - a point on which the soul may fix its intellectual eye.,Mary Shelley,2016-06-29 15:32:27,2016-06-29 15:32:27
53,Try not to become a man of success but a man of value.,Albert Einstein,2016-06-29 15:32:27,2016-06-29 15:32:27
54,"If you have built castles in the air, your work need not be lost; that is where they should be. Now put foundations under them.",Henry David Thoreau,2016-06-29 15:32:27,2016-06-29 15:32:27
55,Inspiration and genius – one and the same.,Victor Hugo,2016-06-29 15:32:27,2016-06-29 15:32:27
56,"To find what you seek in the road of life, the best proverb of all is that which says: 'Leave no stone unturned.'",Edward Bulwer Lytton,2016-06-29 15:32:27,2016-06-29 15:32:27
57,"Doubt whom you will, but never yourself.",Christian Nestell Bovee ,2016-06-29 15:32:27,2016-06-29 15:32:27
58,"If you would create something, you must be something.",Johann Wolfgang von Goethe,2016-06-29 15:32:27,2016-06-29 15:32:27
59,Every artist was first an amateur.,Ralph Waldo Emerson,2016-06-29 15:32:27,2016-06-29 15:32:27
60,"The more difficulties one has to encounter, within and without, the more significant and the higher in inspiration his life will be.",Horace Bushnell,2016-06-29 15:32:27,2016-06-29 15:32:27
61,"I avoid looking forward or backward, and try to keep looking upward.",Charlotte Bront&euml;,2016-06-29 15:32:27,2016-06-29 15:32:27
62,"Life has no smooth road for any of us; and in the bracing atmosphere of a high aim the very roughness stimulates the climber to steadier steps, till the legend, over steep ways to the stars, fulfills itself.",W. C. Doane,2016-06-29 15:32:27,2016-06-29 15:32:27
63,"Experience is the child of thought, and thought is the child of action.",Benjamin Disraeli,2016-06-29 15:32:27,2016-06-29 15:32:27
64,"Don't wait for extraordinary opportunities. Seize common occasions and make them great.",Orison Swett Marden,2016-06-29 15:32:27,2016-06-29 15:32:27
65,Do we not all agree to call rapid thought and noble impulse by the name of inspiration?,George Eliot,2016-06-29 15:32:27,2016-06-29 15:32:27
66,No great man ever complains of want of opportunities.,Ralph Waldo Emerson,2016-06-29 15:32:27,2016-06-29 15:32:27
67,"Men do less than they ought, unless they do all they can.",Thomas Carlyle,2016-06-29 15:32:27,2016-06-29 15:32:27
68,Happy are those who dream dreams and are ready to pay the price to make them come true.,Leon J. Suenes,2016-06-29 15:32:27,2016-06-29 15:32:27
69,The power of imagination makes us infinite.,John Muir,2016-06-29 15:32:27,2016-06-29 15:32:27
70,First say to yourself what you would be; and then do what you have to do.,Epictetus,2016-06-29 15:32:27,2016-06-29 15:32:27
71,"You miss 100% of the shots you don't take. ",Wayne Gretzky,2016-06-29 15:32:27,2016-06-29 15:32:27
72,Along with success comes a reputation for wisdom.,Euripides,2016-06-29 15:32:27,2016-06-29 15:32:27
73,They can because they think they can.,Virgil,2016-06-29 15:32:27,2016-06-29 15:32:27
74,Nothing can stop the man with the right mental attitude from achieving his goal; nothing on earth can help the man with the wrong mental attitude. ,Thomas Jefferson,2016-06-29 15:32:27,2016-06-29 15:32:27
75,Keep steadily before you the fact that all true success depends at last upon yourself.,Theodore T. Hunger,2016-06-29 15:32:27,2016-06-29 15:32:27
76,"We are all motivated by a keen desire for praise, and the better a man is, the more he is inspired to glory.",Cicero,2016-06-29 15:32:27,2016-06-29 15:32:27
77,The thing always happens that you really believe in; and the belief in a thing makes it happen.,Frank Loyd Wright,2016-06-29 15:32:27,2016-06-29 15:32:27
78,The surest way not to fail is to determine to succeed.,Richard Brinsley Sheridan,2016-06-29 15:32:27,2016-06-29 15:32:27
79,"A failure is a man who has blundered, but is not able to cash in on the experience.",Elbert Hubbard,2016-06-29 15:32:27,2016-06-29 15:32:27
80,There is only one success--to be able to spend your life in your own way.,Christopher Morley,2016-06-29 15:32:27,2016-06-29 15:32:27
81,Success is the child of audacity.,Benjamin Disraeli,2016-06-29 15:32:27,2016-06-29 15:32:27
82,Failures to heroic minds are the stepping stones to success.,Thomas Chandler Haliburton,2016-06-29 15:32:27,2016-06-29 15:32:27
83,The secret of success is to know something nobody else knows.,Aristotle Onassis,2016-06-29 15:32:27,2016-06-29 15:32:27
84,The greatest results in life are usually attained by simple means and the exercise of ordinary qualities. These may for the most part be summed in these two: common-sense and perseverance.,Owen Feltham,2016-06-29 15:32:27,2016-06-29 15:32:27
85,"The difference between a successful person and others is not a lack of strength, not a lack of knowledge, but rather a lack in will.",Vince Lombardi,2016-06-29 15:32:27,2016-06-29 15:32:27
86,Everyone has a fair turn to be as great as he pleases.,Jeremy Collier,2016-06-29 15:32:27,2016-06-29 15:32:27
87,"I cannot give you the formula for success, but I can give you the formula for failure--which is: Try to please everybody. ",Herbert Bayard Swope,2016-06-29 15:32:27,2016-06-29 15:32:27
88,Success is to be measured not so much by the position that one has reached in life as by the obstacles which he has overcome while trying to succeed.,Booker T. Washington,2016-06-29 15:32:27,2016-06-29 15:32:27
89,"Success does not consist in never making blunders, but in never making the same one a second time.",Josh Billings,2016-06-29 15:32:27,2016-06-29 15:32:27
90,"Success is the good fortune that comes from aspiration, desperation, perspiration and inspiration.",Evan Esar,2016-06-29 15:32:27,2016-06-29 15:32:27
91,He is great enough who is his own master.,Bishop Hail,2016-06-29 15:32:27,2016-06-29 15:32:27
92,"If you wish success in life, make perseverance your bosom friend, experience your wise counselor, caution your elder brother, and hope your guardian genius.",Jospeph Addison,2016-06-29 15:32:27,2016-06-29 15:32:27
93,Impatience never commanded success.,Edwin H. Chapin,2016-06-29 15:32:27,2016-06-29 15:32:27
94,Careful thinking and hard work will solve nearly all your problems. Try and see for yourself.,Ullery,2016-06-29 15:32:27,2016-06-29 15:32:27
95,"The talent of success is nothing more than doing what you can do, well.",Henry W. Longfellow,2016-06-29 15:32:27,2016-06-29 15:32:27
96,"The man who makes a success of an important venture never wails for the crowd. He strikes out for himself. It takes nerve, it takes a great lot of grit; but the man that succeeds has both. Anyone can fail. The public admires the man who has enough confidence in himself to take a chance. These chances are the main things after all. The man who tries to succeed must expect to be criticized. Nothing important was ever done but the greater number consulted previously doubted the possibility. Success is the accomplishment of that which most people think can't be done.",C. V. White,2016-06-29 15:32:27,2016-06-29 15:32:27
97,"If at first you don't succeed, try, try again. Then quit. There's no use being a damn fool about it.",W.C. Fields,2016-06-29 15:32:27,2016-06-29 15:32:27
98,"Success is the sum of small efforts, repeated day in and day out.",Robert Collier,2016-06-29 15:32:27,2016-06-29 15:32:27
99,"When one door of happiness closes, another opens, but often we look so long at the closed door that we do not see the one that has been opened for us.",Helen Keller,2016-06-29 15:32:27,2016-06-29 15:32:27
100,Happiness resides not in possessions and not in gold; the feeling of happiness dwells in the soul.,Democritus,2016-06-29 15:32:27,2016-06-29 15:32:27
101,The happiness of your life depends upon the quality of your thoughts; therefore guard accordingly.,Marcus Aurelius,2016-06-29 15:32:27,2016-06-29 15:32:27
102,"People with many interests live, not only longest, but happiest.",George Matthew Allen,2016-06-29 15:32:27,2016-06-29 15:32:27
103,In the hopes of reaching the moon men fail to see the flowers that blossom at their feet.,Albert Schweitzer,2016-06-29 15:32:27,2016-06-29 15:32:27
104,Happiness is not achieved by the conscious pursuit of happiness; it is generally the by-product of other activities.,Aldous Huxley,2016-06-29 15:32:27,2016-06-29 15:32:27
105,"There is only one person who could ever make you happy, and that person is you.",David Burns,2016-06-29 15:32:27,2016-06-29 15:32:27
106,"The happiness of life is made up of minute fractions – the little soon-forgotten charities of a kiss, a smile, a kind look, a heartfelt compliment in the disguise of a playful raillery, and the countless other infinitesimal of pleasurable thought and genial feeling.",Samuel Taylor Coleridge,2016-06-29 15:32:27,2016-06-29 15:32:27
107,"The man is happiest who lives from day to day and asks no more, garnering the simple goodness of life.",Euripides,2016-06-29 15:32:27,2016-06-29 15:32:27
108,There is no happiness except in the realization that we have accomplished something.,Henry Ford,2016-06-29 15:32:27,2016-06-29 15:32:27
109,"Happiness consists in activity: such is the constitution of our nature; it is a running stream, and not a stagnant pool.",John M. Good,2016-06-29 15:32:27,2016-06-29 15:32:27
110,"Happiness is not a state to arrive at, but a manner of traveling.",Margaret Lee Runbeck,2016-06-29 15:32:27,2016-06-29 15:32:27
111,A light heart lives long.,William Shakespeare,2016-06-29 15:32:27,2016-06-29 15:32:27
112,"We deem those happy who, from the experience of life, have learned to bear its ills, without being overcome by them.",Juvenal,2016-06-29 15:32:27,2016-06-29 15:32:27
113,"Men spend their lives in anticipations, in determining to be vastly happy at some period when they have time. But the present time has one advantage over every other – it is our own. Past opportunities are gone, future have not come. We may lay in a stock of pleasures, as we would lay in a stock of wine; but if we defer the tasting of them too long, we shall find that both are soured by age.",Charles Caleb Colton,2016-06-29 15:32:27,2016-06-29 15:32:27
114,"Who is the happiest of men? He who values the merits of others, and in their pleasure takes joy, even as though 'twere his own. ",Johann Wolfgang von Goethe,2016-06-29 15:32:28,2016-06-29 15:32:28
115,"The chances are that you have already come to believe that happiness is unattainable. But men have attained it. And they have attained it by realising that happiness does not spring from the procuring of physical or mental pleasure, but from the development of reason and the adjustment of conduct to principles.",Arnold Bennett,2016-06-29 15:32:28,2016-06-29 15:32:28
116,"Happiness is not a matter of events, it depends upon the tides of the mind.",Alice Meynell,2016-06-29 15:32:28,2016-06-29 15:32:28
117,"Fortify yourself with contentment, for this is an impregnable fortress.",Epictetus,2016-06-29 15:32:28,2016-06-29 15:32:28
118,Happiness depends more on the inward disposition of mind than on outward circumstances.,Benjamin Franklin,2016-06-29 15:32:28,2016-06-29 15:32:28
119,"There is only one way to happiness, and that is to cease worrying about things which are beyond the power of our will.",Epictetus,2016-06-29 15:32:28,2016-06-29 15:32:28
120,"You're happiest while you're making the greatest contribution.",Robert F. Kennedy,2016-06-29 15:32:28,2016-06-29 15:32:28
121,Action may not always bring happiness; but there is no happiness without action.,Benjamin Disraeli,2016-06-29 15:32:28,2016-06-29 15:32:28
122,Great effort from great motives is the best definition of a happy life.,William Ellery Channing,2016-06-29 15:32:28,2016-06-29 15:32:28
123,"The greater part of our happiness depends on our dispositions, and not on our circumstances.",Martha Washington,2016-06-29 15:32:28,2016-06-29 15:32:28
124,There is more to life than increasing its speed.,Mahatma Gandhi,2016-06-29 15:32:28,2016-06-29 15:32:28
125,"Happiness grows at our own firesides, and is not to be picked in strangers' gardens.",Douglas Jerrold,2016-06-29 15:32:28,2016-06-29 15:32:28
126,"Happiness is where we find it, but rarely where we seek it.",J. Petit Senn,2016-06-29 15:32:28,2016-06-29 15:32:28
127,"To be happy, we must not be too concerned with others.",Albert Camus,2016-06-29 15:32:28,2016-06-29 15:32:28
128,The only way on earth to multiply happiness is to divide it.,Paul Scherer,2016-06-29 15:32:28,2016-06-29 15:32:28
129,Happiness depends upon ourselves.,Aristotle,2016-06-29 15:32:28,2016-06-29 15:32:28
130,"Try to be happy in this present moment, and put not off being so to a time to come, as though that time should be of another make from this which has already come and is ours.",Thomas Fuller,2016-06-29 15:32:28,2016-06-29 15:32:28
131,Knowledge of what is possible is the beginning of happiness.,George Santayana,2016-06-29 15:32:28,2016-06-29 15:32:28
132,No man is happy who does not think himself so.,Publilius Syrus,2016-06-29 15:32:28,2016-06-29 15:32:28
133,Our minds are as different as our faces: we are all traveling to one destination; happiness; but few are going by the same road.,Charles Caleb Colton,2016-06-29 15:32:28,2016-06-29 15:32:28
134,"The imagination exercises a powerful influence over every act of sense, thought, reason, -- over every idea.",Latin Proverb,2016-06-29 15:32:28,2016-06-29 15:32:28
135,Solitude is as needful to the imagination as society is wholesome for the character.,James Russel Lowell ,2016-06-29 15:32:28,2016-06-29 15:32:28
136,"Far away in the sunshine are my highest aspirations. I may not reach them, but I can look up and see their beauty, believe in them, and try to follow where they lead.",Louisa May Alcott,2016-06-29 15:32:28,2016-06-29 15:32:28
137,Imagination is more important than knowledge.,Albert Einstein,2016-06-29 15:32:28,2016-06-29 15:32:28
138,Imagination rules the world.,Napoleon,2016-06-29 15:32:28,2016-06-29 15:32:28
139,"He who has imagination without learning, has wings and no feet.",Joseph Joubert,2016-06-29 15:32:28,2016-06-29 15:32:28
140,A strong imagination begetteth opportunity.,Michel de Montaigne,2016-06-29 15:32:28,2016-06-29 15:32:28
141,"Your imagination is your preview of life's coming attractions.",Albert Einstein,2016-06-29 15:32:28,2016-06-29 15:32:28
142,"Where beams of imagination play, The memory's soft figures melt away.",Alexander Pope,2016-06-29 15:32:28,2016-06-29 15:32:28
143,"Believe that you have it, and you have it.",Latin Proverb,2016-06-29 15:32:28,2016-06-29 15:32:28
144,The real voyage of discovery consists not in seeking new landscapes but in having new eyes.,Marcel Proust,2016-06-29 15:32:28,2016-06-29 15:32:28
145,The imagination is the secret and marrow of civilization. ,Henry Ward Beecher,2016-06-29 15:32:28,2016-06-29 15:32:28
146,Imagination is the eye of the soul.,Joseph Joubert,2016-06-29 15:32:28,2016-06-29 15:32:28
147,You cannot depend on your eyes when your imagination is out of focus.,Mark Twain,2016-06-29 15:32:28,2016-06-29 15:32:28
148,I have spread my dreams beneath your feet. Tread softly because you tread on my dreams.,W.B. Yeats,2016-06-29 15:32:28,2016-06-29 15:32:28
149,Go confidently in the direction of your dreams. Live the life you have imagined.,Henry David Thoreau,2016-06-29 15:32:28,2016-06-29 15:32:28
150,"Every great dream begins with a dreamer. Always remember, you have within you the strength, the patience, and the passion to reach for the stars to change the world.",Harriet Tubman,2016-06-29 15:32:28,2016-06-29 15:32:28
151,"Reach high, for stars lie hidden in your soul. Dream deep, for every dream precedes the goal.",Pamela Vaull Starr,2016-06-29 15:32:28,2016-06-29 15:32:28
152,"All men dream but not equally. Those who dream by night in the dusty recesses of their minds wake in the day to find that it was vanity; but the dreamers of the day are dangerous men, for they may act their dream with open eyes to make it possible.",T.E. Lawrence,2016-06-29 15:32:28,2016-06-29 15:32:28
153,Our truest life is when we are in dreams awake.,Henry David Thoreau,2016-06-29 15:32:28,2016-06-29 15:32:28
154,So often times it happens that we live our lives in chains and we never even know we have the key.,The Eagles,2016-06-29 15:32:28,2016-06-29 15:32:28
155,The end of wisdom is to dream high enough not to lose the dream in the seeking of it.,William Faulkner,2016-06-29 15:32:28,2016-06-29 15:32:28
156,I like the dreams of the future better than the history of the past.,Patrick Henry,2016-06-29 15:32:28,2016-06-29 15:32:28
157,"Hold fast to dreams, for if dreams die, life is a broken winged bird that cannot fly.",Lanston Hughes,2016-06-29 15:32:28,2016-06-29 15:32:28
158,The future belongs to those who believe in the beauty of their dreams.,Eleanor Roosevelt,2016-06-29 15:32:28,2016-06-29 15:32:28
159,Commitment leads to action. Action brings your dream closer. ,Marcia Wieder,2016-06-29 15:32:28,2016-06-29 15:32:28
160,Dreams are the touchstones of our character.,Henry David Thoreau,2016-06-29 15:32:28,2016-06-29 15:32:28
161,"The question for each man to settle is not what he would do if he had means, time, influence and educational advantages; the question is what he will do with the things he has. The moment a young man ceases to dream or to bemoan his lack of opportunities and resolutely looks his conditions in the face, and resolves to change them, he lays the corner-stone of a solid and honorable success.",Hamilton Wright Mabie,2016-06-29 15:32:28,2016-06-29 15:32:28
162,The best way to make your dreams come true is to wake up.,Paul Valery,2016-06-29 15:32:28,2016-06-29 15:32:28
163,"A skillful man reads his dreams for self-knowledge, yet not the details but the quality.",Ralph Waldo Emerson,2016-06-29 15:32:28,2016-06-29 15:32:28
164,"Our waking hours form the text of our lives, our dreams, the commentary.",Anonymous,2016-06-29 15:32:28,2016-06-29 15:32:28
165,Hope is the dream of the waking man.,French Proverb,2016-06-29 15:32:28,2016-06-29 15:32:28
166,"To unpathed waters, undreamed shores.",William Shakespeare,2016-06-29 15:32:28,2016-06-29 15:32:28
167,You cannot dream yourself into a character; you must hammer and forge yourself one.,Henry David Thoreau,2016-06-29 15:32:28,2016-06-29 15:32:28
168,"Be your character what it will, it will be known, and nobody will take it upon your word.",Lord Chesterfield,2016-06-29 15:32:28,2016-06-29 15:32:28
169,Reputation is for time; character is for eternity.,J. B. Gough,2016-06-29 15:32:28,2016-06-29 15:32:28
170,Nothing of character is really permanent but virtue and personal worth.,Daniel Webster,2016-06-29 15:32:28,2016-06-29 15:32:28
171,Character is like a tree and reputation is like its shadow. The shadow is what we think of it; the tree is the real thing.,Abraham Lincoln,2016-06-29 15:32:28,2016-06-29 15:32:28
172,"The essential thing is not knowledge, but character.",Joseph Le Conte,2016-06-29 15:32:28,2016-06-29 15:32:28
173,The great hope of society is individual character.,William Ellery Channing,2016-06-29 15:32:28,2016-06-29 15:32:28
174,A good name will shine forever. ,Proverb,2016-06-29 15:32:28,2016-06-29 15:32:28
175,"A fair reputation is a plant, delicate in its nature, and by no means rapid in its growth. It will not shoot up in a night like the gourd of the prophet; but, like that gourd, it may perish in a night.",Jeremy Taylor,2016-06-29 15:32:28,2016-06-29 15:32:28
176,Talents are best nurtured in solitude. Character is best formed in the stormy billows of the world.,Johann Wolfgang Von Goethe,2016-06-29 15:32:28,2016-06-29 15:32:28
177,Our character is but the stamp on our souls of the free choices of good and evil we have made through life.,John C. Geikie,2016-06-29 15:32:28,2016-06-29 15:32:28
178,Character is a diamond that scratches every other stone.,Cyrus A. Bartol,2016-06-29 15:32:28,2016-06-29 15:32:28
179,"It matters not what you are thought to be, but what you are.",Publilius Syrus,2016-06-29 15:32:28,2016-06-29 15:32:28
180,"In the stormy current of life characters are weights or floats which at one time make us glide along the bottom, and at another maintain us on the surface.",Hippolyte Taine,2016-06-29 15:32:28,2016-06-29 15:32:28
181,Character is what you think in the dark.,Dwight L. Moody,2016-06-29 15:32:28,2016-06-29 15:32:28
182,Character is the real foundation of all worthwhile success.,John Hays Hammond,2016-06-29 15:32:28,2016-06-29 15:32:28
183,"Nature magically suits a man to his fortunes, by making them the fruit of his character.",Ralph Waldo Emerson,2016-06-29 15:32:28,2016-06-29 15:32:28
184,"Characters do not change. Opinions alter, but characters are only developed.",Benjamin Disraeli,2016-06-29 15:32:28,2016-06-29 15:32:28
185,"A man's character is like his shadow, which sometimes follows and sometimes precedes him, and which is occasionally longer, occasionally shorter, than he is.",Madame de la Rochejuquelein,2016-06-29 15:32:28,2016-06-29 15:32:28
186,Do what you know and perception is converted into character.,Ralph Waldo Emerson,2016-06-29 15:32:28,2016-06-29 15:32:28
187,"Men best show their character in trifles, where they are not on their guard. It is in the simplest habits, that we often see the boundless egotism which pays no regard to the feelings of others and denies nothing to itself.",Arthur Schopenhauer,2016-06-29 15:32:28,2016-06-29 15:32:28
188,"Every man, as to character, is the creature of the age in which he lives. Very few are able to raise themselves above the ideas of their times.",Voltaire,2016-06-29 15:32:28,2016-06-29 15:32:28
189,It is of little traits that the greatest human character is composed.,William Winter,2016-06-29 15:32:28,2016-06-29 15:32:28
190,Character is perfectly educated will.,Novalis,2016-06-29 15:32:28,2016-06-29 15:32:28
191,Character and personal force are the only investments that are worth anything.,Walt Whitman,2016-06-29 15:32:28,2016-06-29 15:32:28
192,"Every thought willingly contemplated, every word meaningly spoken, every action freely done, consolidates itself in the character, and will project itself onward in a permanent continuity.",Henry Giles,2016-06-29 15:32:28,2016-06-29 15:32:28
193,"Character is, for the most part, simply habit become fixed.",C. H. Parkhurst,2016-06-29 15:32:28,2016-06-29 15:32:28
194,"We are builders of our own characters. We have different positions, spheres, capacities, privileges, different work to do in the world, different temporal fabrics to raise; but we are all alike in this, – all are architects of fate.",John Fothergill Waterhouse Ware,2016-06-29 15:32:28,2016-06-29 15:32:28
195,"Character is, in the long run, the decisive factor in the life of individuals and of nations alike.",Theodore Roosevelt,2016-06-29 15:32:28,2016-06-29 15:32:28
196,"Actions, looks, words and steps form the alphabet by which you may spell character. ",Johann Kasper Lavater,2016-06-29 15:32:28,2016-06-29 15:32:28
197,"Every human being is intended to have a character of his own; to be what no others are, and to do what no other can do.",William Henry Channing,2016-06-29 15:32:28,2016-06-29 15:32:28
198,"Let us not say, Every man is the architect of his own fortune; but let us say, Every man is the architect of his own character.",George Dana Boardman,2016-06-29 15:32:28,2016-06-29 15:32:28
199,Fate is character.,William Winter,2016-06-29 15:32:28,2016-06-29 15:32:28
200,"Character is higher than intellect. A great soul will be strong to live, as well as strong to think.",Ralph Waldo Emerson,2016-06-29 15:32:28,2016-06-29 15:32:28
201,Do not follow where the path may lead. Go instead where there is no path and leave a trail.,Harold R. McAlindon,2016-06-29 15:32:28,2016-06-29 15:32:28
202,Leadership: The art of getting someone else to do something you want done because he wants to do it.,Dwight D. Eisenhower,2016-06-29 15:32:28,2016-06-29 15:32:28
203,There go the people. I must follow them for I am their leader.,Alexandre Ledru-Rollin,2016-06-29 15:32:28,2016-06-29 15:32:28
204,What chance gathers she easily scatters. A great person attracts great people and knows how to hold them together.,Johann Wolfgang Von Goethe,2016-06-29 15:32:28,2016-06-29 15:32:28
205,A general is just as good or just as bad as the troops under his command make him.,General Douglas MacArthur,2016-06-29 15:32:28,2016-06-29 15:32:28
206,Men are governed only by serving them; the rule is without exception.,V. Cousin,2016-06-29 15:32:28,2016-06-29 15:32:28
207,The real leader has no need to lead - he is content to point the way.,Henry Miller,2016-06-29 15:32:28,2016-06-29 15:32:28
208,"Not the cry, but the flight of a wild duck, leads the flock to fly and follow.",Chinese Proverb,2016-06-29 15:32:28,2016-06-29 15:32:28
209,"Be known for pleasing others, espcecially if you govern them...Ruling others has one advantage: you can do more good than anyone else.",Baltasar Graci&aacute;n,2016-06-29 15:32:28,2016-06-29 15:32:28
210,"Go to the people. Learn from them. Live with them. Start with what they know. Build with what they have. The best of leaders when the job is done, when the task is accomplished, the people will say we have done it ourselves.",Lao Tzu,2016-06-29 15:32:28,2016-06-29 15:32:28
211,A leader is a dealer in hope.,Napoleon Bonaparte,2016-06-29 15:32:28,2016-06-29 15:32:28
212,"Rely on your own strength of body and soul. Take for your star self-reliance, faith, honesty and industry. Don't take too much advice – keep at the helm and steer your own ship, and remember that the great art of commanding is to take a fair share of the work. Fire above the mark you intend to hit. Energy, invincible determination with the right motive, are the levers that move the world.",Noah Porter,2016-06-29 15:32:28,2016-06-29 15:32:28
213,There is always room for a man of force and he makes room for many. Society is a troop of thinkers and the best heads among them take the best places.,Ralph Waldo Emerson,2016-06-29 15:32:28,2016-06-29 15:32:28
214,"If your actions inspire others to dream more, learn more, do more and become more, you are a leader.",John Quincy Adams,2016-06-29 15:32:28,2016-06-29 15:32:28
215,The people follow the example of those above them.,Chinese Proverb,2016-06-29 15:32:28,2016-06-29 15:32:28
216,He who has never learned to obey cannot be a good commander.,Aristotle,2016-06-29 15:32:28,2016-06-29 15:32:28
217,"The ultimate measure of a man is not where he stands in moments of comfort, but where he stands at times of challenge and controversy.","Martin Luther King, Jr.",2016-06-29 15:32:28,2016-06-29 15:32:28
218,Any one can hold the helm when the sea is calm.,Publilius Syrus,2016-06-29 15:32:28,2016-06-29 15:32:28
219,Never tell people how to do things. Tell them what to do and they will surprise you with their ingenuity.,George Patton,2016-06-29 15:32:28,2016-06-29 15:32:28
220,"Where there is no vision, the people perish.",Proverbs 29:18,2016-06-29 15:32:28,2016-06-29 15:32:28
221,"Misfortunes, untoward events, lay open, disclose the skill of a general, while success conceals his weakness, his weak points.",Horace,2016-06-29 15:32:28,2016-06-29 15:32:28
222,In this world a man must either be an anvil or hammer.,Henry W. Longfellow,2016-06-29 15:32:28,2016-06-29 15:32:28
223,Leadership does not always wear the harness of compromise.,Woodrow Wilson,2016-06-29 15:32:28,2016-06-29 15:32:28
224,"The greater a man is in power above others, the more he ought to excel them in virtue. None ought to govern who is not better than the governed.",Publilius Syrus,2016-06-29 15:32:28,2016-06-29 15:32:28
225,"Take time to deliberate; but when the time for action arrives, stop thinking and go in.",Andrew Jackson,2016-06-29 15:32:28,2016-06-29 15:32:28
226,A bold onset is half the battle.,Giuseppe Garibaldi,2016-06-29 15:32:28,2016-06-29 15:32:28
227,"The power is detested, and miserable the life, of him who wishes to be feared rather than to be loved.",Cornelius Nepos,2016-06-29 15:32:28,2016-06-29 15:32:28
228,"To be a great leader and so always master of the situation, one must of necessity have been a great thinker in action. An eagle was never yet hatched from a goose's egg.",James Thomas,2016-06-29 15:32:28,2016-06-29 15:32:28
229,Ill can he rule the great that cannot reach the small.,Edmund Spenser,2016-06-29 15:32:28,2016-06-29 15:32:28
230,He who has learned how to obey will know how to command.,Solon,2016-06-29 15:32:28,2016-06-29 15:32:28
231,"When I give a minister an order, I leave it to him to find the means to carry it out.",Napoleon Bonaparte,2016-06-29 15:32:28,2016-06-29 15:32:28
232,No man can stand on top because he is put there.,H. H. Vreeland,2016-06-29 15:32:28,2016-06-29 15:32:28
233,A ruler should be slow to punish and swift to reward.,Ovid,2016-06-29 15:32:28,2016-06-29 15:32:28
234,It is impossible to imagine anything which better becomes a ruler than mercy.,Seneca,2016-06-29 15:32:28,2016-06-29 15:32:28
235,"No man is good enough to govern another man without that other's consent.",Abraham Lincoln,2016-06-29 15:32:28,2016-06-29 15:32:28
236,What you cannot enforce / Do not command.,Sophocles,2016-06-29 15:32:28,2016-06-29 15:32:28
237,"No general can fight his battles alone. He must depend upon his lieutenants, and his success depends upon his ability to select the right man for the right place.",Philip Armour,2016-06-29 15:32:28,2016-06-29 15:32:28
238,To do great things is difficult; but to command great things is more difficult.,Friedrich Nietzsche,2016-06-29 15:32:28,2016-06-29 15:32:28
239,"It is absurd that a man should rule others, who cannot rule himself.",Latin Proverb,2016-06-29 15:32:28,2016-06-29 15:32:28
240,"Let him who would be moved to convince others, be first moved to convince himself.",Thomas Carlyle,2016-06-29 15:32:28,2016-06-29 15:32:28
241,A good general not only sees the way to victory; he also knows when victory is impossible.,Polybius,2016-06-29 15:32:28,2016-06-29 15:32:28
242,A goal is a dream with a deadline.,Napoleon Hill,2016-06-29 15:32:28,2016-06-29 15:32:28
243,In everything the ends well defined are the secret of durable success.,Victor Cousins,2016-06-29 15:32:28,2016-06-29 15:32:28
244,Arriving at one goal is the starting point to another.,John Dewey,2016-06-29 15:32:28,2016-06-29 15:32:28
245,"Failures do what is tension relieving, while winners do what is goal achieving.",Dennis Waitley,2016-06-29 15:32:28,2016-06-29 15:32:28
246,"A man should have any number of little aims about which he should be conscious and for which he should have names, but he should have neither name for, nor consciousness concerning, the main aim of his life.",Samuel Butler,2016-06-29 15:32:28,2016-06-29 15:32:28
247,Goals are the fuel in the furnace of achievement.,Brian Tracy,2016-06-29 15:32:28,2016-06-29 15:32:28
248,The great and glorious masterpiece of man is to know how to live to purpose.,Michel de Montaigne,2016-06-29 15:32:28,2016-06-29 15:32:28
249,"Ah, but a man's reach should exceed his grasp, or what's a heaven for?",Robert Browning,2016-06-29 15:32:28,2016-06-29 15:32:28
250,Purpose is what gives life a meaning.,C. H. Parkhurst,2016-06-29 15:32:28,2016-06-29 15:32:28
251,The significance of a man is not in what he attains but in what he longs to attain.,Kahlil Gibran,2016-06-29 15:32:28,2016-06-29 15:32:28
252,"Every ceiling, when reached, becomes a floor, upon which one walks as a matter of course and prescriptive right.",Aldous Huxley,2016-06-29 15:32:28,2016-06-29 15:32:28
253,"If you don't know where you are going, you'll end up someplace else.",Yogi Berra,2016-06-29 15:32:28,2016-06-29 15:32:28
254,He who would arrive at the appointed end must follow a single road and not wander through many ways.,Seneca,2016-06-29 15:32:28,2016-06-29 15:32:28
255,"Some men give up their designs when they have almost reached the goal; while others, on the contrary, obtain a victory by exerting, at the last moment, more vigorous efforts than before.",Polybius,2016-06-29 15:32:28,2016-06-29 15:32:28
256,"In all things that you do, consider the end.",Solon,2016-06-29 15:32:28,2016-06-29 15:32:28
257,Life can be pulled by goals just as surely as it can be pushed by drives.,Viktor Frankl,2016-06-29 15:32:28,2016-06-29 15:32:28
258,"Aim at the sun, and you may not reach it; but your arrow will fly far higher than if aimed at an object on a level with yourself.",J. Howes,2016-06-29 15:32:28,2016-06-29 15:32:28
259,"The virtue lies in the struggle, not in the prize.",Richard Monckton Milnes,2016-06-29 15:32:28,2016-06-29 15:32:28
260,"To reach a port, we must sail – Sail, not tie at anchor – Sail, not drift.",Franklin Roosevelt,2016-06-29 15:32:28,2016-06-29 15:32:28
261,"Our plans miscarry because they have no aim. When a man does not know what harbor he is making for, no wind is the right wind.",Seneca,2016-06-29 15:32:28,2016-06-29 15:32:28
262,"However brilliant an action may be, it should not be accounted great when it is not the result of a great purpose.",Francois de la Rochefoucauld ,2016-06-29 15:32:28,2016-06-29 15:32:28
263,It is not enough to take steps which may some day lead to a goal; each step must be itself a goal and a step likewise.,Johann Wolfgang von Goethe,2016-06-29 15:32:28,2016-06-29 15:32:28
264,A good archer is known not by his arrows but by his aim.,Thomas Fuller,2016-06-29 15:32:28,2016-06-29 15:32:28
265,Who aims at excellence will be above mediocrity; who aims at mediocrity will be far short of it.,Burmese Saying,2016-06-29 15:32:28,2016-06-29 15:32:28
266,"In absence of clearly defined goals, we become strangely loyal to performing daily acts of trivia.",Unknown,2016-06-29 15:32:28,2016-06-29 15:32:28
267,"Don't bunt. Aim out of the ballpark.",David Ogilvy,2016-06-29 15:32:28,2016-06-29 15:32:28
268,"There are two things to aim at in life; first to get what you want, and after that to enjoy it. Only the wisest of mankind has achieved the second.",Logan Pearsall Smith,2016-06-29 15:32:28,2016-06-29 15:32:28
270,It is easier to be wise for others than for ourselves.,Francois De La Rochefoucauld,2016-06-29 15:32:28,2016-06-29 15:32:28
271,The art of being wise is knowing what to overlook.,William James,2016-06-29 15:32:28,2016-06-29 15:32:28
272,"The first step in the acquisition of wisdom is silence, the second listening, the third memory, the fourth practice, the fifth teaching others.",Solomon Ibn Gabriol,2016-06-29 15:32:28,2016-06-29 15:32:28
273,Wisdom is better than gold or silver.,German Proverb,2016-06-29 15:32:28,2016-06-29 15:32:28
274,Years teach us more than books.,Berthold Auerbach,2016-06-29 15:32:28,2016-06-29 15:32:28
275,It is best to learn wisdom by the experience of others.,Latin Proverb,2016-06-29 15:32:28,2016-06-29 15:32:28
276,"The wisdom of nations lies in their proverbs, which are brief and pithy.",William Penn,2016-06-29 15:32:28,2016-06-29 15:32:28
277,The middle course is the best.,Cleobulus,2016-06-29 15:32:28,2016-06-29 15:32:28
278,The wise man should be prepared for everything that does not lie within his control.,Pythagoras,2016-06-29 15:32:28,2016-06-29 15:32:28
279,"The only medicine for suffering, crime, and all the other woes of mankind, is wisdom.",Thomas Huxley,2016-06-29 15:32:28,2016-06-29 15:32:28
280,"A wise man learns by the mistakes of others, a fool by his own.",Latin Proverb,2016-06-29 15:32:28,2016-06-29 15:32:28
281,Silence does not always mark wisdom.,Samuel Taylor Coleridge. ,2016-06-29 15:32:28,2016-06-29 15:32:28
282,Measure a thousand times and cut once.,Turkish Proverb,2016-06-29 15:32:28,2016-06-29 15:32:28
283,No man was ever wise by chance.,Seneca,2016-06-29 15:32:28,2016-06-29 15:32:28
284,He has not learned the lesson of life who does not every day surmount a fear.,Ralph Waldo Emerson,2016-06-29 15:32:28,2016-06-29 15:32:28
285,"Not to know at large of things remote From use, obscure and subtle, but to know That which before us lies in daily life, Is the prime wisdom.",John Milton,2016-06-29 15:32:28,2016-06-29 15:32:28
286,By associating with wise people you will become wise yourself.,Menander,2016-06-29 15:32:28,2016-06-29 15:32:28
287,"The seat of knowledge is in the head, of wisdom, in the heart.",William Hazlitt,2016-06-29 15:32:28,2016-06-29 15:32:28
288,Of all parts of wisdom the practice is the best.,John Tillotson,2016-06-29 15:32:28,2016-06-29 15:32:28
289,"The larger the island of knowledge, the longer the shore line of wonder.",Ralph W. Sockman,2016-06-29 15:32:28,2016-06-29 15:32:28
290,"The more a man knows, the more he forgives.",Catherine the Great,2016-06-29 15:32:28,2016-06-29 15:32:28
291,A loving heart is the truest wisdom.,Charles Dickens,2016-06-29 15:32:28,2016-06-29 15:32:28
292,One who understands much displays a greater simplicity of character than one who understands little.,Alexander Chase,2016-06-29 15:32:28,2016-06-29 15:32:28
293,"How prone to doubt, how cautious are the wise!",Homer,2016-06-29 15:32:28,2016-06-29 15:32:28
294,The man of wisdom is never of two minds; the man of benevolence never worries; the man of courage is never afraid.,Confucius,2016-06-29 15:32:28,2016-06-29 15:32:28
295,Wisdom is the sunlight of the soul.,German Proverb,2016-06-29 15:32:28,2016-06-29 15:32:28
296,"The way to gain a good reputation, is to endeavor to be what you desire to appear.",Socrates,2016-06-29 15:32:28,2016-06-29 15:32:28
297,"The fact is, that to do anything in the world worth doing, we must not stand back shivering and thinking of the cold and danger, but jump in and scramble through as well as we can.",Robert Cushing,2016-06-29 15:32:28,2016-06-29 15:32:28
298,We only become what we are by the radical and deep-seated refusal of that which others have made of us.,Jean-Paul Sartre,2016-06-29 15:32:28,2016-06-29 15:32:28
299,The searching-out and thorough investigation of truth ought to be the primary study of man.,Cicero,2016-06-29 15:32:28,2016-06-29 15:32:28
300,The only journey is the journey within.,Rainer Maria Rilke,2016-06-29 15:32:28,2016-06-29 15:32:28
301,"It is not easy to find happiness in ourselves, and it is not possible to find it elsewhere.",Agnes Repplier,2016-06-29 15:32:28,2016-06-29 15:32:28
302,"Know thyself means this, that you get acquainted with what you know, and what you can do.",Menander,2016-06-29 15:32:28,2016-06-29 15:32:28
303,"Yes, know thyself: in great concerns or small, Be this thy care, for this, my friend, is all.",Juvenal,2016-06-29 15:32:28,2016-06-29 15:32:28
304,"Men soon the faults of others learn A few their virtues, too, find out; But is there one – I have a doubt – Who can his own defects discern?",Sanskrit Proverb,2016-06-29 15:32:28,2016-06-29 15:32:28
305,Collect as precious pearls the words of the wise and virtuous.,Abd-el-Kadar,2016-06-29 15:32:28,2016-06-29 15:32:28
306,"If we do not plant knowledge when young, it will give us no shade when we are old.",Lord Chesterfield,2016-06-29 15:32:28,2016-06-29 15:32:28
307,"Our business in life is not to get ahead of other people, but to get ahead of ourselves.",Maltbie D. Matlock,2016-06-29 15:32:28,2016-06-29 15:32:28
308,"If you have an hour, will you not improve that hour, instead of idling it away?",Lord Chesterfield,2016-06-29 15:32:28,2016-06-29 15:32:28
309,"Follow your honest convictions, and stay strong.",William Thackeray,2016-06-29 15:32:28,2016-06-29 15:32:28
310,"As the sculptor devotes himself to wood and stone, I would devote myself to my soul.",Toyohiko Kagawa,2016-06-29 15:32:28,2016-06-29 15:32:28
311,The most difficult thing in life is to know yourself.,Thales,2016-06-29 15:32:28,2016-06-29 15:32:28
312,He that will not reflect is a ruined man.,Asian Proverb,2016-06-29 15:32:28,2016-06-29 15:32:28
313,Every day do something that will inch you closer to a better tomorrow.,Doug Firebaugh,2016-06-29 15:32:28,2016-06-29 15:32:28
314,Be not afraid of growing slowly; be afraid only of standing still.,Chinese Proverb,2016-06-29 15:32:28,2016-06-29 15:32:28
315,God ever works with those who work with will.,Aeschylus,2016-06-29 15:32:28,2016-06-29 15:32:28
316,Insist on yourself. Never imitate.,Ralph Waldo Emerson,2016-06-29 15:32:28,2016-06-29 15:32:28
317,Heaven never helps the man who will not act.,Sophocles,2016-06-29 15:32:28,2016-06-29 15:32:28
318,Knowing yourself is the beginning of all wisdom.,Aristotle,2016-06-29 15:32:28,2016-06-29 15:32:28
319,"Our ideas, like orange-plants, spread out in proportion to the size of the box which imprisons the roots.",Edward Bulwer Lytton,2016-06-29 15:32:28,2016-06-29 15:32:28
320,We are sometimes as different from ourselves as we are from others.,Francois de La Rochefoucauld,2016-06-29 15:32:28,2016-06-29 15:32:28
321,"In learning to know other things, and other minds, we become more intimately acquainted with ourselves, and are to ourselves better worth knowing.",Philip Gilbert Hamilton,2016-06-29 15:32:28,2016-06-29 15:32:28
323,It is only the very wisest and the very stupidest who cannot change.,Confucius,2016-06-29 15:32:28,2016-06-29 15:32:28
324,We are either progressing or retrograding all the while; there is no such thing as remaining stationary in this life.,James Freeman Clarke,2016-06-29 15:32:28,2016-06-29 15:32:28
325,"To conquer oneself is the best and noblest victory; to be vanquished by one's own nature is the worst and most ignoble defeat.",Plato,2016-06-29 15:32:28,2016-06-29 15:32:28
326,Everybody wants to be somebody; nobody wants to grow.,Johann Wolfgang von Goethe,2016-06-29 15:32:28,2016-06-29 15:32:28
327,The happiest life is that which constantly exercises and educates what is best in us.,Hamerton,2016-06-29 15:32:28,2016-06-29 15:32:28
328,Change and growth take place when a person has risked himself and dares to become involved with experimenting with his own life.,Herbert Otto,2016-06-29 15:32:28,2016-06-29 15:32:28
329,"Heed the still small voice that so seldom leads us wrong, and never into folly.",Marquise du Deffand,2016-06-29 15:32:28,2016-06-29 15:32:28
330,Your real influence is measured by your treatment of yourself.,A. Bronson Alcott,2016-06-29 15:32:28,2016-06-29 15:32:28
331,"If we all did the things we are capable of, we would astound ourselves.",Thomas Edison,2016-06-29 15:32:28,2016-06-29 15:32:28
332,A man who finds no satisfaction in himself will seek for it in vain elsewhere.,La Rochefoucauld,2016-06-29 15:32:28,2016-06-29 15:32:28
333,"Fear less, hope more, eat less, chew more, whine less, breathe more, talk less, say more, hate less, love more, and good things will be yours.",Swedish Proverb,2016-06-29 15:32:28,2016-06-29 15:32:28
334,"Make it thy business to know thyself, which is the most difficult lesson in the world.",Miguel de Cervantes,2016-06-29 15:32:28,2016-06-29 15:32:28
335,"The best rules to form a young man are: to talk little, to hear much, to reflect alone upon what has passed in company, to distrust one's own opinions, and value others that deserve it.",Sir William Temple,2016-06-29 15:32:28,2016-06-29 15:32:28
336,"Exert your talents, and distinguish yourself, and don't think of retiring from the world, until the world will be sorry that you retire.",Samuel Johnson,2016-06-29 15:32:28,2016-06-29 15:32:28
337,You must look into other people as well as at them.,Lord Chesterfield,2016-06-29 15:32:28,2016-06-29 15:32:28
338,"A man's own good breeding is the best security against other people's ill manners.",Lord Chesterfield,2016-06-29 15:32:28,2016-06-29 15:32:28
339,"The secret of many a man's success in the world resides in his insight into the moods of men and his tact in dealing with them.",J. G. Holland,2016-06-29 15:32:28,2016-06-29 15:32:28
340,"To rejoice in another's prosperity, is to give content to your own lot: to mitigate another's grief, is to alleviate or dispel your own.",Thomas Edwards,2016-06-29 15:32:28,2016-06-29 15:32:28
341,Hear the meaning within the word.,William Shakespeare,2016-06-29 15:32:28,2016-06-29 15:32:28
342,"Charity, good behaviour, amiable speech, unselfishness – these by the chief sage have been declared the elements of popularity.",Burmese Proverb,2016-06-29 15:32:28,2016-06-29 15:32:28
343,Kind words are the music of the world.,F. W. Faber,2016-06-29 15:32:28,2016-06-29 15:32:28
344,We are far more liable to catch the vices than the virtues of our associates.,Denis Diderot,2016-06-29 15:32:28,2016-06-29 15:32:28
345,Arguing with a fool proves there are two.,Doris M. Smith,2016-06-29 15:32:28,2016-06-29 15:32:28
346,"Be courteous to all, but intimate with few; and let those be well-tried before you give them your confidence.",George Washington,2016-06-29 15:32:28,2016-06-29 15:32:28
347,Look to be treated by others as you have treated others.,Publilius Syrus,2016-06-29 15:32:28,2016-06-29 15:32:28
348,I have made it a rule never to be with a person ten minutes without trying to make him happier.,Anonymous,2016-06-29 15:32:28,2016-06-29 15:32:28
349,"Success in life, in anything, depends upon the number of person's that one can make himself agreeable to.",Thomas Carlyle,2016-06-29 15:32:28,2016-06-29 15:32:28
350,Never part without loving words to think of during your absence. It may be that you will not meet again in this life.,Jean Paul Richter,2016-06-29 15:32:28,2016-06-29 15:32:28
351,"Let us believe neither half of the good people tell us of ourselves, nor half of the evil they say of others.",J. Petit Senn,2016-06-29 15:32:28,2016-06-29 15:32:28
352,"The more you say, the less people remember.",Fran&ccedil;ois F&eacute;nelon,2016-06-29 15:32:28,2016-06-29 15:32:28
353,Never lose a chance of saying a kind word.,William Thackeray,2016-06-29 15:32:28,2016-06-29 15:32:28
354,The soul of conversation is sympathy.,Thomas Campbell,2016-06-29 15:32:28,2016-06-29 15:32:28
355,"It is always good to know, if only in passing, charming human beings. It refreshes one like flowers and woods and clear brooks.",George Eliot,2016-06-29 15:32:28,2016-06-29 15:32:28
356,Every man is a volume if you know how to read him.,William Ellery Channing,2016-06-29 15:32:28,2016-06-29 15:32:28
357,"Learn to regard the souls around you as parts of some grand instrument. It is for each of us to know the keys and stops, that we may draw forth the harmonies that lie sleeping in the silent octaves.",Anonymous,2016-06-29 15:32:28,2016-06-29 15:32:28
358,"If evil be said of thee, and if it be true, correct thyself; if it be a lie, laugh at it.",Epictetus,2016-06-29 15:32:28,2016-06-29 15:32:28
359,"In many things it is not well to say, 'Know thyself'; it is better to say, 'Know others.' ",Menander,2016-06-29 15:32:28,2016-06-29 15:32:28
360,"The less people speak of their greatness, the more we think of it.",Lord Bacon,2016-06-29 15:32:28,2016-06-29 15:32:28
361,"He who sedulously attends, pointedly asks, calmly speaks, coolly answers and ceases when he has no more to say is in possession of some of the best requisites of man.",Johann Casper Lavater,2016-06-29 15:32:28,2016-06-29 15:32:28
362,Men are more mindful of wrongs than of benefits.,Proverb,2016-06-29 15:32:28,2016-06-29 15:32:28
363,A good word is an easy obligation; but not to speak ill requires only our silence; which costs us nothing.,John Tillotson,2016-06-29 15:32:28,2016-06-29 15:32:28
364,It requires less character to discover the faults of others than is does to tolerate them.,J. Petit Senn,2016-06-29 15:32:28,2016-06-29 15:32:28
365,Do not forget small kindnesses and do not remember small faults.,Chinese Proverb,2016-06-29 15:32:28,2016-06-29 15:32:28
366,Go back a little to leap further.,John Clarke,2016-06-29 15:32:28,2016-06-29 15:32:28
367,"It is hard to fail, but it is worse never to have tried to succeed.",Theodore Roosevelt,2016-06-29 15:32:28,2016-06-29 15:32:28
368,"Half of the failures in life come from pulling one's horse when he is leaping.",Thomas Hood,2016-06-29 15:32:28,2016-06-29 15:32:28
369,I failed my way to success.,Thomas Edison,2016-06-29 15:32:28,2016-06-29 15:32:28
370,"Our doubts are traitors, and make us lose the good we oft might win, by fearing to attempt.",William Shakespeare,2016-06-29 15:32:28,2016-06-29 15:32:28
371,Every failure brings with it the seed of an equivalent success.,Napoleon Hill,2016-06-29 15:32:28,2016-06-29 15:32:28
372,Failure is blindness to the strategic element in events; success is readiness for instant action when the opportune moment arrives.,Newell D. Hillis,2016-06-29 15:32:28,2016-06-29 15:32:28
373,"They fail, and they alone, who have not striven.",Thomas Bailey Aldrich,2016-06-29 15:32:28,2016-06-29 15:32:28
374,"We learn wisdom from failure much more than success. We often discover what we will do, by finding out what we will not do.",Samuel Smiles,2016-06-29 15:32:28,2016-06-29 15:32:28
375,"I was never afraid of failure, for I would sooner fail than not be among the best.",John Keats,2016-06-29 15:32:28,2016-06-29 15:32:28
376,He that is down needs fear no fall.,John Bunyan,2016-06-29 15:32:28,2016-06-29 15:32:28
377,Never let the fear of striking out get in your way.,"George Herman 'Babe' Ruth",2016-06-29 15:32:28,2016-06-29 15:32:28
378,One who fears failure limits his activities. Failure is only the opportunity to more intelligently begin again.,Henry Ford,2016-06-29 15:32:28,2016-06-29 15:32:28
379,Only those who dare to fail greatly can ever achieve greatly.,John F. Kennedy,2016-06-29 15:32:28,2016-06-29 15:32:28
380,The greatest mistake you can make in life is to continually be afraid you will make one.,Elbert Hubbard,2016-06-29 15:32:28,2016-06-29 15:32:28
381,Failure is a trickster with a keen sense of irony and cunning. It takes great delight in tripping one when success is almost within reach.,Napoleon Hill,2016-06-29 15:32:28,2016-06-29 15:32:28
382,"Our greatest glory consist not in never falling, but in rising every time we fall.",Oliver Goldsmith,2016-06-29 15:32:28,2016-06-29 15:32:28
383,What would life be if we had no courage to attempt anything?,Vincent van Gogh,2016-06-29 15:32:28,2016-06-29 15:32:28
384,Bad times have a scientific value. These are occasions a good leaner would not miss.,Ralph Waldo Emerson,2016-06-29 15:32:28,2016-06-29 15:32:28
385,"The greatest men sometimes overshoot themselves, but then their very mistakes are so many lessons of instruction. ",Tom Browne,2016-06-29 15:32:28,2016-06-29 15:32:28
386,"A man of character finds a special attractiveness in difficulty, since it is only by coming to grips with difficulty that he can realize his potentialities.",Charles de Gaulle,2016-06-29 15:32:28,2016-06-29 15:32:28
387,"Experience teaches slowly, and at the cost of mistakes.",James A. Froude,2016-06-29 15:32:28,2016-06-29 15:32:28
388,"It is the want of diligence, rather than the want of means, that causes most failures.",Alfred Mercier,2016-06-29 15:32:28,2016-06-29 15:32:28
389,"A man's life is interesting primarily when he has failed--I well know. For it's a sign that he tried to surpass himself.",Georges Clemenceau,2016-06-29 15:32:28,2016-06-29 15:32:28
390,He who fears being conquered is sure of defeat.,Napoleon Bonaparte,2016-06-29 15:32:28,2016-06-29 15:32:28
391,There is no failure except in no longer trying.,Elbert Hubbard,2016-06-29 15:32:28,2016-06-29 15:32:28
392,There is no impossibility to him who stands prepared to conquer every hazard. The fearful are the failing.,Sarah J. Hale,2016-06-29 15:32:28,2016-06-29 15:32:28
393,Disappointments are to the soul what thunderstorms are to the air.,Johann C. F. von Schiller,2016-06-29 15:32:28,2016-06-29 15:32:28
394,Failure teaches success.,Japanese Saying,2016-06-29 15:32:28,2016-06-29 15:32:28
395,"Don't waste your life in doubts and fears: spend yourself on the work before you, well assured that the right performance of this hour's duties will be the best preparation for the hours or ages that follow it.",Ralph Waldo Emerson,2016-06-29 15:32:28,2016-06-29 15:32:28
396,"No longer forward nor behind I look in hope and fear; But grateful take the good I find, The best of now and here.",John G. Whittier,2016-06-29 15:32:28,2016-06-29 15:32:28
397,"It is not work that kills men, it is worry. Work is healthy; you can hardly put more on a man than he can bear. But worry is rust upon the blade. It is not movement that destroys the machinery, but friction.",Henry Ward Beecher,2016-06-29 15:32:28,2016-06-29 15:32:28
398,"Never let life's hardships disturb you ... no one can avoid problems, not even saints or sages.",Nichiren Daishonen,2016-06-29 15:32:28,2016-06-29 15:32:28
399,"Ask yourself this question: 'Will this matter a year from now?'",Richard Carlson,2016-06-29 15:32:28,2016-06-29 15:32:28
400,Surely there is something in the unruffled calm of nature that overawes our little anxieties and doubts; the sight of the deep-blue sky and the clustering stars above seems to impart a quiet to the mind.,Jonathan Edwards,2016-06-29 15:32:28,2016-06-29 15:32:28
401,"Do not anticipate trouble, or worry about what may never happen. Keep in the sunlight.",Benjamin Franklin,2016-06-29 15:32:28,2016-06-29 15:32:28
402,"Imagine every day to be the last of a life surrounded with hopes, cares, anger and fear. The hours that come unexpectedly will be much the more grateful.",Horace,2016-06-29 15:32:28,2016-06-29 15:32:28
403,The mind that is anxious about future events is miserable.,Seneca,2016-06-29 15:32:28,2016-06-29 15:32:28
404,Present fears are less than horrible imaginings.,William Shakespeare,2016-06-29 15:32:28,2016-06-29 15:32:28
405,"Let us be of good cheer, remembering that the misfortunes hardest to bear are those that never happen.",James Russel Lowell,2016-06-29 15:32:28,2016-06-29 15:32:28
406,How much pain have cost us the evils that have never happened.,Thomas Jefferson,2016-06-29 15:32:28,2016-06-29 15:32:28
407,It is the trouble that never comes that causes the loss of sleep.,Chas. Austin Bates,2016-06-29 15:32:28,2016-06-29 15:32:28
408,"Live in each season as it passes; breathe the air, drink the drink, taste the fruit, and resign yourself to the influences of each.",Henry David Thoreau,2016-06-29 15:32:28,2016-06-29 15:32:28
409,"We also deem those happy, who from the experience of life, have learned to bear its ills and without descanting on their weight.",Junvenal,2016-06-29 15:32:28,2016-06-29 15:32:28
410,"Thus each person by his fears gives wings to rumor, and, without any real source of apprehension, men fear what they themselves have imagined.",Lucan,2016-06-29 15:32:28,2016-06-29 15:32:28
411,I never think of the future - it comes soon enough.,Albert Einstein,2016-06-29 15:32:28,2016-06-29 15:32:28
412,It is idle to dread what you cannot avoid. Stultum est timere quod vitare non potes.,Publilius Syrus,2016-06-29 15:32:28,2016-06-29 15:32:28
413,"He either fears his fate too much, Or his deserts are small, Who dares not put it to the touch To gain or lose it all.",Marquis of Montrose,2016-06-29 15:32:28,2016-06-29 15:32:28
414,"The rose is fairest when it is budding new, and hope is brightest when it dawns from fears.",Walter Scott,2016-06-29 15:32:28,2016-06-29 15:32:28
415,"The block of granite which was an obstacle in the pathway of the weak, became a stepping-stone in the pathway of the strong.",Thomas Carlyle,2016-06-29 15:32:28,2016-06-29 15:32:28
416,Press on! A better fate awaits thee.,Victor Hugo,2016-06-29 15:32:28,2016-06-29 15:32:28
417,Perseverance is king.,Josh Billings,2016-06-29 15:32:28,2016-06-29 15:32:28
418,The man who removes a mountain begins by carrying away small stones.,Chinese Proverb,2016-06-29 15:32:28,2016-06-29 15:32:28
419,"Nothing great is created suddenly, any more than a bunch of grapes or a fig.",Epictetus,2016-06-29 15:32:28,2016-06-29 15:32:28
420,The important thing in life is to have great aim and to possess the aptitude and the perseverance to attain it.,Johann Wolfgang Von Goethe,2016-06-29 15:32:28,2016-06-29 15:32:28
421,Success in life is a matter not so much of talent or opportunity as of concentration and perseverance.,C. W. Wendte,2016-06-29 15:32:28,2016-06-29 15:32:28
422,"I hold a doctrine, to which I owe not much, indeed, but all the little I ever had, namely, that with ordinary talent and extraordinary perseverance, all things are attainable.",Sir T. F. Buxton,2016-06-29 15:32:28,2016-06-29 15:32:28
423,"Those who would attain to any marked degree of excellence in a chosen pursuit must work, and work hard for it, prince or peasant.",Bayard Taylor,2016-06-29 15:32:28,2016-06-29 15:32:28
424,"Keep on going, and the chances are that you will stumble on something, perhaps when you are least expecting it. I never heard of anyone ever stumbling on something sitting down.",Charles F. Kettering,2016-06-29 15:32:28,2016-06-29 15:32:28
425,Let me tell you the secret that has led me to my goal. My strength lies solely in my tenacity.,Louis Pasteur,2016-06-29 15:32:28,2016-06-29 15:32:28
426,Persistent people begin their success where others end in failure.,Edward Eggleston,2016-06-29 15:32:28,2016-06-29 15:32:28
427,There is nothing which persevering effort and unceasing and diligent care cannot overcome.,Seneca,2016-06-29 15:32:28,2016-06-29 15:32:28
428,"The drops of rain make a hole in the stone, not by violence, but by oft falling.",Lucretius,2016-06-29 15:32:28,2016-06-29 15:32:28
429,"He who would do some great thing in this short life, must apply himself to the work with such a concentration of his forces as to the idle spectators, who live only to amuse themselves, looks like insanity.",John Foster,2016-06-29 15:32:28,2016-06-29 15:32:28
430,"Great works are performed not by strength, but by perseverance.",Samuel Johnson,2016-06-29 15:32:28,2016-06-29 15:32:28
431,The way of progress is neither swift nor easy.,Marie Curie,2016-06-29 15:32:28,2016-06-29 15:32:28
432,"Do not think that what is hard for thee to master is impossible for man; but if a thing is possible and proper to man, deem it attainable by thee.",Marcus Aurelius,2016-06-29 15:32:28,2016-06-29 15:32:28
433,It does not matter how slowly you go so long as you do not stop.,Confucius,2016-06-29 15:32:28,2016-06-29 15:32:28
434,"No one can possibly achieve any real and lasting success or 'get rich' in business by being a conformist. ",J. Paul Getty,2016-06-29 15:32:28,2016-06-29 15:32:28
435,"No road is too long for him who advances slowly and does not hurry, and no attainment is beyond his reach who equips himself with patience to achieve it.",Jean de La Bruy&egrave;re,2016-06-29 15:32:28,2016-06-29 15:32:28
436,"Thomas Edison dreamed of a lamp that could be operated by electricity, began where he stood to put his dream into action, and despite more than ten thousand failures, he stood by that dream until he made it a physical reality. Practical dreamers do not quit.",Napoleon Hill,2016-06-29 15:32:28,2016-06-29 15:32:28
437,Those who believe they are exclusively in the right are generally those who achieve something.,Aldous Huxley,2016-06-29 15:32:28,2016-06-29 15:32:28
438,Dreams seldom materialize on their own.,Dian Fossey,2016-06-29 15:32:28,2016-06-29 15:32:28
439,The hand that follows intellect can achieve.,Michelangelo,2016-06-29 15:32:28,2016-06-29 15:32:28
440,Vigilance in watching opportunity; tact and daring in seizing upon opportunity; force and persistence in crowding opportunity to its utmost of possible achievement – these are the martial virtues which must command success.,Austin Phelps,2016-06-29 15:32:28,2016-06-29 15:32:28
441,"Whatsoever the mind has ordained for itself, it has achieved.",Seneca,2016-06-29 15:32:28,2016-06-29 15:32:28
442,I attempt an arduous task; but there is no worth in that which is not a difficult achievement.,Ovid,2016-06-29 15:32:28,2016-06-29 15:32:28
443,Effort only fully releases its reward after a person refuses to quit.,Napoleon Hill,2016-06-29 15:32:28,2016-06-29 15:32:28
444,The secret of all great undertakings is hard work and self-reliance.,Gustavus F. Swift,2016-06-29 15:32:28,2016-06-29 15:32:28
445,"Shallow men believe in luck, strong men believe in cause and effect.",Ralph Waldo Emerson,2016-06-29 15:32:28,2016-06-29 15:32:28
446,People sometimes attribute my success to my genius; all the genius I know anything about is hard work.,Alexander Hamilton,2016-06-29 15:32:28,2016-06-29 15:32:28
447,"Success is sweet, the sweeter if long delayed and attained through manifold struggles and defeats.",A. Bronson Alcott,2016-06-29 15:32:28,2016-06-29 15:32:28
448,"Much we learn only to forget it again; to stand by the goal, we must traverse all the way to it.",R&uuml;ckert,2016-06-29 15:32:28,2016-06-29 15:32:28
449,"Not the maker of plans and promises, but rather the one who offers faithful service in small matters. This is the person who is most likely to achieve what is good and lasting.",Johann Wolfgang von Goethe,2016-06-29 15:32:28,2016-06-29 15:32:28
450,"Great men are the modellers, patterns, and in a wide sense creators, of whatsoever the general mass of men contrived to do and attain.",Carlyle,2016-06-29 15:32:28,2016-06-29 15:32:28
451,"If the mass of people hesitate to act, strike thou in swift with all boldness; the noble heart that understands and seizes quick hold of opportunity can achieve everything.",Johann Wolfgang von Goethe,2016-06-29 15:32:28,2016-06-29 15:32:28
452,Great opportunities come to all but many do not know they have met them. The only preparation to take advantage of them is simple fidelity to what each day brings.,A. E. Dunning,2016-06-29 15:32:28,2016-06-29 15:32:28
453,The sure way to miss success is to miss the opportunity.,Victor Chasles ,2016-06-29 15:32:28,2016-06-29 15:32:28
454,"Opportunity, sooner or later, comes to all who work and wish.",Lord Stanley,2016-06-29 15:32:28,2016-06-29 15:32:28
455,Take all the swift advantage of the hours.,William Shakepeare,2016-06-29 15:32:28,2016-06-29 15:32:28
456,"Opportunities do not come with their values stamped upon them. Everyone must be challenged. A day dawns, quite like other days; in it a single hour comes, quite like other hours; but in that day and in that hour the chance of a lifetime faces us. ",Maltbie Davenport Babcock,2016-06-29 15:32:28,2016-06-29 15:32:28
457,Welcome every new and difficult problem in life as a new opportunity to wrestle and win – and to gain new experience and new power.,L H. Murlin,2016-06-29 15:32:28,2016-06-29 15:32:28
458,"Many do with opportunities as children do at the seashore; they fill their little hands with sand, and then let the grains fall through, one by one.",Thomas Jones,2016-06-29 15:32:28,2016-06-29 15:32:28
459,The future is an opportunity.,J. F. Ware,2016-06-29 15:32:28,2016-06-29 15:32:28
460,"To improve the golden moment of opportunity, and catch the good that is within our reach, is the great art of life.",Samuel Johnson,2016-06-29 15:32:28,2016-06-29 15:32:28
461,A wise man will make more opportunities than he finds.,Francis Bacon,2016-06-29 15:32:28,2016-06-29 15:32:28
462,"Opportunities are on every hand; what we need is, not a new chance, but clearness of vision to discern the chance which at this very hour is ours, if we recognize it.",Katherine Krieger,2016-06-29 15:32:28,2016-06-29 15:32:28
463,"A man in earnest finds means or, if he cannot find, creates them.",William Ellery Channing,2016-06-29 15:32:28,2016-06-29 15:32:28
464,"Who seeks, and will not take, when once 'tis offered, Shall never find it more.",William Shakespeare,2016-06-29 15:32:28,2016-06-29 15:32:28
465,"And then one day you find ten years have got behind you. No one told you when to run, you missed the starting gun.","Time lyrics, Pink Floyd",2016-06-29 15:32:28,2016-06-29 15:32:28
466,"When the time comes in which one could, the time has passed in which one can.",Marie Ebner Eschenbach,2016-06-29 15:32:28,2016-06-29 15:32:28
467,"There's a time for all things.",William Shakespeare,2016-06-29 15:32:28,2016-06-29 15:32:28
468,"The golden moments in the stream of life rush past us, and we see nothing but sand; the angels come to visit us, and we only know them when they are gone.",George Eliot,2016-06-29 15:32:28,2016-06-29 15:32:28
469,"We have the power within, but the secret of success is to employ our power and talents and be prepared for opportunity when it comes.",Walter Matthews,2016-06-29 15:32:28,2016-06-29 15:32:28
470,We must look for the opportunity in every difficulty instead of being paralyzed at the thought of the difficulty in every opportunity.,Walter E. Cole,2016-06-29 15:32:28,2016-06-29 15:32:28
471,"A good opportunity is seldom presented, and is easily lost.",Syrus,2016-06-29 15:32:28,2016-06-29 15:32:28
472,The secret of success in life is for a man to be ready for his opportunity when it comes.,Benjamin Disraeli,2016-06-29 15:32:28,2016-06-29 15:32:28
473,"Who cannot but see oftentimes how strange the threads of our destiny run? Oft it is only for a moment the favorable instant is presented. We miss it, and months and years are lost.",Ludwig Tieck,2016-06-29 15:32:28,2016-06-29 15:32:28
474,Present opportunities are not to be neglected; they rarely visit us twice.,Voltaire,2016-06-29 15:32:28,2016-06-29 15:32:28
475,Arrange whatever pieces come your way.,Virginia Woolf,2016-06-29 15:32:28,2016-06-29 15:32:28
476,The lure of the distant and the difficult is deceptive. The great opportunity is where you are.,John Burroughs,2016-06-29 15:32:28,2016-06-29 15:32:28
477,"Do not wait for ideal circumstances, nor for the best opportunities; they will never come.",Janet Erskine Stuart,2016-06-29 15:32:28,2016-06-29 15:32:28
478,Occasions are rare: and those who know how to seize upon them are rarer.,H. W. Shaw,2016-06-29 15:32:28,2016-06-29 15:32:28
479,Ability is of little account without opportunity.,Napoleon Bonaparte,2016-06-29 15:32:28,2016-06-29 15:32:28
480,"The greatest achievement of the human spirit is to live up to one's opportunities and make the most of one's resources.",Marquis de Vauvenargues,2016-06-29 15:32:28,2016-06-29 15:32:28
481,Chance is always powerful; let your hook always be cast in a pool where you least expect there will be fish.,Ovid,2016-06-29 15:32:28,2016-06-29 15:32:28
482,"How often events, by chance and unexpectedly, come to pass, which you had not dared even to hope for!",Terence,2016-06-29 15:32:28,2016-06-29 15:32:28
483,"A stray, unthought-of five minutes may contain the event of a life, and this all-important moment – who can tell when it will be upon us?",Dean Alford,2016-06-29 15:32:28,2016-06-29 15:32:28
484,Do not suppose opportunity will knock twice at your door.,Nicolas de Chamfort,2016-06-29 15:32:28,2016-06-29 15:32:28
485,"Improve time in the present; for opportunity is precious, and time is a sword.",Saadi,2016-06-29 15:32:28,2016-06-29 15:32:28
486,"Cherish your visions and your dreams as they are the children of your soul, the blueprints of your ultimate achievements.",Napoleon Hill,2016-06-29 15:32:28,2016-06-29 15:32:28
487,The key to success is to focus our conscious mind on things we desire not things we fear.,Brian Tracy,2016-06-29 15:32:28,2016-06-29 15:32:28
488,Success is getting what you want. Happiness is wanting what you get.,Dale Carnegie,2016-06-29 15:32:28,2016-06-29 15:32:28
489,"Obstacles are necessary for success because in selling, as in all careers of importance, victory comes only after many struggles and countless defeats.",Og Mandino,2016-06-29 15:32:28,2016-06-29 15:32:28
490,"A real decision is measured by the fact that you've taken a new action. If there's no action, you haven't truly decided.",Tony Robbins,2016-06-29 15:32:28,2016-06-29 15:32:28
491,"If you can't control your anger, you are as helpless as a city without walls waiting to be attacked.",The Book of Proverbs,2016-06-29 15:32:28,2016-06-29 15:32:28
492,A mediocre person tells. A good person explains. A superior person demonstrates. A great person inspires others to see for themselves.,Harvey Mackay,2016-06-29 15:32:28,2016-06-29 15:32:28
493,"Freedom, privileges, options, must constantly be exercised, even at the risk of inconvenience.",Jack Vance,2016-06-29 15:32:28,2016-06-29 15:32:28
494,"Take care of your body. It's the only place you have to live.",Jim Rohn,2016-06-29 15:32:28,2016-06-29 15:32:28
495,"You can have everything in life you want, if you will just help other people get what they want.",Zig Ziglar,2016-06-29 15:32:28,2016-06-29 15:32:28
496,The number of times I succeed is in direct proportion to the number of times I can fail and keep on trying.,Tom Hopkins,2016-06-29 15:32:28,2016-06-29 15:32:28
497,You have everything you need to build something far bigger than yourself.,Seth Godin,2016-06-29 15:32:28,2016-06-29 15:32:28
498,"Fall seven times, stand up eight.",Japanese proverb,2016-06-29 15:32:28,2016-06-29 15:32:28
499,Never put off till tomorrow what you can do today.,Thomas Jefferson,2016-06-29 15:32:28,2016-06-29 15:32:28
500,Those who do not learn from history are doomed to repeat it.,George Santayana,2016-06-29 15:32:28,2016-06-29 15:32:28
501,The future belongs to those who believe in the beauty of their dreams.,Eleanor Roosevelt,2016-06-29 15:32:28,2016-06-29 15:32:28
502,"People who are unable to motivate themselves must be content with mediocrity, no matter how impressive their other talents.",Andrew Carnegie,2016-06-29 15:32:28,2016-06-29 15:32:28
503,The definition of insanity is doing the same thing over and over and expecting different results.,Benjamin Franklin,2016-06-29 15:32:28,2016-06-29 15:32:28
504,Find out what you like doing best and get someone to pay you for doing it.,Katherine Whitehorn,2016-06-29 15:32:28,2016-06-29 15:32:28
505,One important key to success is self-confidence. An important key to self-confidence is preparation.,Arthur Ashe,2016-06-29 15:32:28,2016-06-29 15:32:28
506,Success consists of going from failure to failure without loss of enthusiasm.,Winston Churchill,2016-06-29 15:32:28,2016-06-29 15:32:28
507,Believe in yourself! Have faith in your abilities! Without a humble but reasonable confidence in your own powers you cannot be successful or happy.,Norman Vincent Peale,2016-06-29 15:32:28,2016-06-29 15:32:28
508,Big jobs usually go to the men who prove their ability to outgrow small ones.,Ralph Waldo Emerson,2016-06-29 15:32:28,2016-06-29 15:32:28
509,Do one thing every day that scares you.,Eleanor Roosevelt,2016-06-29 15:32:28,2016-06-29 15:32:28
510,"I'm playing; I'm here. I'm going to fight until they tell me they don't want me anymore.",Steve Nash,2016-06-29 15:32:28,2016-06-29 15:32:28
511,"Don't be afraid to fail. Don't waste energy trying to cover up failure. Learn from your failures and go on to the next challenge. It's OK to fail. If you're not failing, you're not growing.",H. Stanley Judd,2016-06-29 15:32:28,2016-06-29 15:32:28
512,"Take risks: if you win, you will be happy; if you lose, you will be wise.",Unknown,2016-06-29 15:32:28,2016-06-29 15:32:28
513,"Opportunities don't often come along. So, when they do, you have to grab them.",Audrey Hepburn,2016-06-29 15:32:28,2016-06-29 15:32:28
514,Never say anything about yourself you do not want to come true.,Brian Tracy,2016-06-29 15:32:28,2016-06-29 15:32:28
515,"When one door closes, another opens; but we often look so long and so regretfully upon the closed door that we do not see the one which has opened for us.",Alexander Graham Bell,2016-06-29 15:32:28,2016-06-29 15:32:28
516,"Choose a job you love, and you will never have to work a day in your life.",Confucius,2016-06-29 15:32:28,2016-06-29 15:32:28
517,"Success doesn't come to you, you go to it.",Marva Collins,2016-06-29 15:32:28,2016-06-29 15:32:28
518,Only those who dare to fail greatly can ever achieve greatly.,Robert F. Kennedy,2016-06-29 15:32:28,2016-06-29 15:32:28
519,"Never tell me the sky's the limit when there are footprints on the moon.",Unknown,2016-06-29 15:32:28,2016-06-29 15:32:28
520,It is never too late to be what you might have been.,George Eliot,2016-06-29 15:32:28,2016-06-29 15:32:28
521,"All our dreams can come true, if we have the courage to pursue them.",Walt Disney,2016-06-29 15:32:28,2016-06-29 15:32:28
522,Every experience in your life is being orchestrated to teach you something you need to know to move forward.,Brian Tracy,2016-06-29 15:32:28,2016-06-29 15:32:28
523,"I'm a great believer in luck, and I find the harder I work, the more I have of it.",Thomas Jefferson,2016-06-29 15:32:28,2016-06-29 15:32:28
524,Nothing in the world can take the place of persistence. Talent will not; nothing is more common than unsuccessful men with talent. Genius will not; unrewarded genius is almost a proverb. Education will not; the world is full of educated derelicts. Persistence and determination alone are omnipotent. The slogan &ldquo;press on&rdquo; has solved and will always solve the problems of the human race.,Calvin Coolidge,2016-06-29 15:32:28,2016-06-29 15:32:28
525,"If you don't like something, change it. If you can't change it, change your attitude.",Maya Angelou,2016-06-29 15:32:28,2016-06-29 15:32:28
526,"Whenever you are asked if you can do a job, tell &lsquo;em, &lsquo;Certainly I can!' Then get busy and find out how to do it.",Theodore Roosevelt,2016-06-29 15:32:28,2016-06-29 15:32:28
527,"The more wisdom you attain and the more conscious you will become, the crazier you will appear to others.",Unknown,2016-06-29 15:32:28,2016-06-29 15:32:28
528,"People will forget what you said, people will forget what you did, but people will never forget how you made them feel.",Maya Angelou,2016-06-29 15:32:28,2016-06-29 15:32:28
529,Vision without action is merely a dream. Action without vision just passes time. Vision with action can change the world.,Joel Barker,2016-06-29 15:32:28,2016-06-29 15:32:28
530,We can easily forgive a child who is afraid of the dark; the real tragedy of life is when men are afraid of the light.,Plato,2016-06-29 15:32:28,2016-06-29 15:32:28
531,The reasonable man adapts himself to the world: the unreasonable one persists in trying to adapt the world to himself. Therefore all progress depends on the unreasonable man.,George Bernard Shaw,2016-06-29 15:32:28,2016-06-29 15:32:28
532,A genuine leader is not a searcher for consensus but a molder of consensus.,"Martin Luther King, Jr.",2016-06-29 15:32:28,2016-06-29 15:32:28
533,"A good leader takes a little more than his share of the blame, a little less than his share of the credit.",Arnold H. Glasow,2016-06-29 15:32:28,2016-06-29 15:32:28
534,"A leader is best when people barely know he exists, when his work is done, his aim fulfilled, they will say: we did it ourselves.",Lao Tzu,2016-06-29 15:32:28,2016-06-29 15:32:28
535,"A leader is one who knows the way, goes the way, and shows the way.",John C. Maxwell,2016-06-29 15:32:28,2016-06-29 15:32:28
536,"Be a yardstick of quality. Some people aren't used to an environment where excellence is expected.",Steve Jobs,2016-06-29 15:32:28,2016-06-29 15:32:28
537,"Don't find fault, find a remedy.",Henry Ford,2016-06-29 15:32:28,2016-06-29 15:32:28
538,"Effective leadership is putting first things first. Effective management is discipline, carrying it out.",Stephen Covey,2016-06-29 15:32:28,2016-06-29 15:32:28
539,"Enlightened leadership is spiritual if we understand spirituality not as some kind of religious dogma or ideology but as the domain of awareness where we experience values like truth, goodness, beauty, love and compassion, and also intuition, creativity, insight and focused attention.",Deepak Chopra,2016-06-29 15:32:28,2016-06-29 15:32:28
540,Good management is the art of making problems so interesting and their solutions so constructive that everyone wants to get to work and deal with them.,Paul Hawken,2016-06-29 15:32:28,2016-06-29 15:32:28
541,High expectations are the key to everything.,Sam Walton,2016-06-29 15:32:28,2016-06-29 15:32:28
542,Hold yourself responsible for a higher standard than anybody expects of you. Never excuse yourself.,Henry Ward Beecher,2016-06-29 15:32:28,2016-06-29 15:32:28
543,I suppose leadership at one time meant muscles; but today it means getting along with people.,Mahatma Gandhi,2016-06-29 15:32:28,2016-06-29 15:32:28
544,"If you think you can do a thing or think you can't do a thing, you're right.",Henry Ford,2016-06-29 15:32:28,2016-06-29 15:32:28
545,"If your actions inspire others to dream more, learn more, do more and become more, you are a leader.",John Quincy Adams,2016-06-29 15:32:28,2016-06-29 15:32:28
546,Innovation distinguishes between a leader and a follower.,Steve Jobs,2016-06-29 15:32:28,2016-06-29 15:32:28
547,"It is better to lead from behind and to put others in front, especially when you celebrate victory when nice things occur. You take the front line when there is danger. Then people will appreciate your leadership.",Nelson Mandela,2016-06-29 15:32:28,2016-06-29 15:32:28
548,"Lead, follow, or get out of the way.",Thomas Paine,2016-06-29 15:32:28,2016-06-29 15:32:28
549,"Leadership - leadership is about taking responsibility, not making excuses.",Mitt Romney,2016-06-29 15:32:28,2016-06-29 15:32:28
550,Leadership and learning are indispensable to each other.,John F. Kennedy,2016-06-29 15:32:28,2016-06-29 15:32:28
551,Leadership is solving problems. The day soldiers stop bringing you their problems is the day you have stopped leading them. They have either lost confidence that you can help or concluded you do not care. Either case is a failure of leadership.,Colin Powell,2016-06-29 15:32:28,2016-06-29 15:32:28
553,Leadership is the capacity to translate vision into reality.,Warren Bennis,2016-06-29 15:32:28,2016-06-29 15:32:28
554,"Leadership to me means duty, honor, country. It means character, and it means listening from time to time.",George W. Bush,2016-06-29 15:32:28,2016-06-29 15:32:28
555,Management is doing things right; leadership is doing the right things.,Peter Drucker,2016-06-29 15:32:28,2016-06-29 15:32:28
556,"Only the guy who isn't rowing has time to rock the boat.",Jean-Paul Sartre,2016-06-29 15:32:28,2016-06-29 15:32:28
557,"Outstanding leaders go out of their way to boost the self-esteem of their personnel. If people believe in themselves, it's amazing what they can accomplish.",Sam Walton,2016-06-29 15:32:28,2016-06-29 15:32:28
558,"People ask the difference between a leader and a boss. The leader leads, and the boss drives.",Theodore Roosevelt,2016-06-29 15:32:28,2016-06-29 15:32:28
559,Speak softly and carry a big stick; you will go far.,Theodore Roosevelt,2016-06-29 15:32:28,2016-06-29 15:32:28
560,The quality of a leader is reflected in the standards they set for themselves.,Ray Kroc,2016-06-29 15:32:28,2016-06-29 15:32:28
561,The task of the leader is to get his people from where they are to where they have not been.,Henry A. Kissinger,2016-06-29 15:32:28,2016-06-29 15:32:28
562,"When you can't make them see the light, make them feel the heat.",Ronald Reagan,2016-06-29 15:32:28,2016-06-29 15:32:28
563,"When your values are clear to you, making decisions becomes easier.",Roy E. Disney,2016-06-29 15:32:28,2016-06-29 15:32:28
564,"Where there is no vision, there is no hope.",George Washington Carver,2016-06-29 15:32:28,2016-06-29 15:32:28
565,I am not a product of my circumstances. I am a product of my decisions.,Stephen Covey,2016-12-22 14:09:27,2016-12-22 14:09:27
566,"Never discourage anyone who continually makes progress, no matter how slow.",Plato,2016-12-22 14:10:49,2016-12-22 14:10:49
567,"If you want to be happy, set a goal that commands your thoughts, liberates your energy, and inspires your hopes",Andrew Carnegie,2017-01-03 14:21:37,2017-01-03 14:21:37
568,"I avoid looking forward or backward, and try to keep looking upward",Charlotte Bronte,2017-01-03 14:29:14,2017-01-03 14:29:14
569,"Change will not come if we wait for some other person or some other time. We are the ones we've been waiting for. We are the change that we seek.",Barack Obama,2017-01-03 14:29:51,2017-01-03 14:29:51
570,"Change almost never fails because it's too early. It almost always fails because it's too late",Seth Godin,2017-01-03 14:53:03,2017-01-03 14:53:03
571,What we achieve inwardly will change outer reality.,Plutarch,2017-01-03 15:09:04,2017-01-03 15:09:04
572,Hardship often prepares an ordinary person for an extraordinary destiny.,Christopher Markus,2017-01-03 15:09:36,2017-01-03 15:09:36
573,Management is doing things right; leadership is doing the right things.,Peter Drucker,2017-01-03 15:10:20,2017-01-03 15:10:20
574,Personal leadership is the process of keeping your vision and values before you and aligning your life to be congruent with them.,Stephen Covey,2017-01-03 15:10:36,2017-01-03 15:10:36
575,"Nearly all men can stand adversity, but if you want to test a man's character, give him power.",Abraham Lincoln,2017-01-03 15:10:52,2017-01-03 15:10:52
576,There will be plenty of other problems in the future. This is as good a time as any to get ahead of them.,Stan Slap,2017-01-03 15:11:05,2017-01-03 15:11:05
577,Unleash the potential that is in another and you unleash the potential that is in you.,Matshona Dhliwayo,2017-01-03 15:11:23,2017-01-03 15:11:23
578,Achieving your goal is great. Exceeding your goal is exceptional. Exceeding your goal and teaching others is Leadership,Joseph Swenson,2017-01-03 15:11:46,2017-01-03 15:11:46
579,"You gain strength, courage and confidence by every experience in which you really stop to look fear in the face. You must do the thing you think you cannot do.",Eleanor Roosevelt,2017-01-03 15:12:02,2017-01-03 15:12:02
580,"Leaders don’t create followers, they create more leaders.",Tom Peters,2017-01-03 15:12:22,2017-01-03 15:12:22
581,The greatest leader is not necessarily the one who does the greatest things. He is the one that gets the people to do the greatest things.,Ronald Reagan,2017-01-03 15:12:35,2017-01-03 15:12:35
582,"Don't tell people how to do things, tell them what to do and let them surprise you with their results.",George Patton,2017-01-03 15:12:44,2017-01-03 15:12:44
583,"In the end, it is important to remember that we cannot become what we need to be by remaining what we are.",Max De Pree,2017-01-03 15:12:55,2017-01-03 15:12:55
584,Every company has a culture. The only question is whether or not you decide what it is.,Jason Cohen,2017-01-03 15:13:09,2017-01-03 15:13:09
585,"You have to be run by ideas, not hierarchy. The best ideas have to win, otherwise good people don't stay!",Steve Jobs,2017-01-03 15:13:36,2017-01-03 15:13:36
586,"A person's success in life can usually be measured by the number of uncomfortable conversations he or she is willing to have.",Tim Ferriss,2017-01-24 13:43:53,2017-01-24 13:43:53
587,"As much as talent counts, effort counts twice.",Angela Duckworth,2017-01-31 05:44:01,2017-01-31 05:44:01
588,The chains of habit are too weak to be felt until they are too strong to be broken.,Samuel Johnson,2017-02-13 06:01:57,2017-02-13 06:01:57
589,"The more elaborate our means of communication, the less we communicate.",Joseph Priestley,2017-03-20 17:30:43,2017-03-20 17:30:43
590,An old trick well done is far better than a new trick with no effect.,Harry Houdini,2017-04-07 16:17:33,2017-04-07 16:17:33
592,If you wish to see the truth then hold no opinions.,"Chien-chih Seng-ts'an",2017-04-22 15:07:32,2017-04-22 15:07:32
594,"The world is full of people who know the price of everything, but the value of nothing.",Phillip Fisher,2017-04-27 13:17:00,2017-04-27 13:17:00
595,This is only a test,Norman Chan,2018-07-14 18:47:34,2018-07-14 18:47:34
596,There never was a good knife made of bad steel.,Benjamin Franklin,2018-07-14 19:06:28,2018-07-14 19:06:28